Measurement,Left CP,Right CP,Combined CR,Left CR,Right CR
0,32,31,6.777777777777778,13.34375,13.774193548387096
1,31,36,6.373134328358209,13.774193548387096,11.86111111111111
